Name,Email
User 1,user1@example.com
User 2,user2@example.com
User 3,user3@example.com
User 4,user4@example.com
User 5,user5@example.com
User 6,user6@example.com
User 7,user7@example.com
User 8,user8@example.com
User 9,user9@example.com
User 10,user10@example.com
User 11,user11@example.com
User 12,user12@example.com
User 13,user13@example.com
User 14,user14@example.com
User 15,user15@example.com
User 16,user16@example.com
User 17,user17@example.com
User 18,user18@example.com
User 19,user19@example.com
User 20,user20@example.com
User 21,user21@example.com
User 22,user22@example.com
User 23,user23@example.com
User 24,user24@example.com
User 25,user25@example.com
User 26,user26@example.com
User 27,user27@example.com
User 28,user28@example.com
User 29,user29@example.com
User 30,user30@example.com
User 31,user31@example.com
User 32,user32@example.com
User 33,user33@example.com
User 34,user34@example.com
User 35,user35@example.com
User 36,user36@example.com
User 37,user37@example.com
User 38,user38@example.com
User 39,user39@example.com
User 40,user40@example.com
User 41,user41@example.com
User 42,user42@example.com
User 43,user43@example.com
User 44,user44@example.com
User 45,user45@example.com
User 46,user46@example.com
User 47,user47@example.com
User 48,user48@example.com
User 49,user49@example.com
User 50,user50@example.com

